<?xml version="1.0" ?>
<App>
    <!--/////////////////////////////////////////
        YOU CAN Add Commands below
    ///////////////////////////////////////////// -->
    <!--//commands // -->
    <Commands id = "1" >
        <command type="projector">
          <portnumber>3</portnumber>
          <product>BENQ</product>
          <order>PowerOn</order>
          <timedelay>0</timedelay>
        </command>
       <command type="projector">
          <portnumber>3</portnumber>
          <product>benq</product>
          <order>source1</order>
          <timedelay>0</timedelay>
        </command>
    </Commands>
  
  <Commands id = "2" >
    <command type="projector">
          <portnumber>3</portnumber>
          <product>benq</product>
          <order>hdmi</order>
          <timedelay>0</timedelay>
    </command>
  </Commands>



  <Commands id = "3" >
   <command type="projector">
          <portnumber>3</portnumber>
          <product>epson</product>
          <order>muteoff</order>
          <timedelay>0</timedelay>
    </command>
     <command type="projector">
          <portnumber>3</portnumber>
          <product>epson</product>
          <order>muteOn</order>
          <timedelay>0</timedelay>
    </command>
  </Commands>

<Commands id = "4" >
    <command type="PLC">
      <portnumber>3</portnumber>
      <linenumber>2</linenumber>
      <state>1</state>
     <timedelay>0</timedelay>
    </command>
    <command type="IR">
      <portnumber>3</portnumber>
      <channel>1</channel>
      <button>22</button>
      <timedelay>10</timedelay>
    </command>
  </Commands>

<Commands id = "5" >
    <command type="CircuitFlash">
      <portnumber>3</portnumber>
      <linenumber>2</linenumber>
      <timedelay>0</timedelay>
    </command>
 </Commands>

 <Commands id = "6" >
  <command type="PCCommand">
    <ip>127.0.0.1</ip>
    <order>restart</order>
  </command>
 </Commands>

  <Commands id = "7" >
    <command type="PCCommand">
      <ip>127.0.0.1</ip>
      <order>shutdown</order>
    </command>
  </Commands>

  <Commands id = "8" >
    <command type="video">
      <ip>127.0.0.1</ip>
      <order>play</order>
      <value>1</value>
    </command>
  </Commands>
 <Commands id = "9" >
  <command type="com">
    <portnumber>3</portnumber>
    <data>some extra msg</data>
    <timedelay>0</timedelay>
  </command>
 </Commands>

 <Commands id = "10" >
   <command type="socket">
        <ip>127.0.0.1</ip>
        <port>6512</port>
        <data>some extra socketmsg</data>
        <timedelay>0</timedelay>
   </command>
 </Commands>

  <Commands id = "11" >
    <command type="video">
      <ip>127.0.0.1</ip>
      <order>stop</order>
    </command>
  </Commands>

  <Commands id = "12" >
    <command type="video">
      <ip>127.0.0.1</ip>
      <order>pause</order>
    </command>
  </Commands>

<Commands id = "13" >
    <command type="matrix">
          <portnumber>3</portnumber>
          <order>channel1</order>
          <param>3</param>
          <timedelay>0</timedelay>
    </command>
  </Commands>

<Commands id = "14" >
    <command type="video">
      <ip>127.0.0.1</ip>
      <order>playN</order>
      <value>1</value>
      <timedelay>0</timedelay>
    </command>
  </Commands>
<Commands id = "15" >
    <command type="video">
      <ip>127.0.0.1</ip>
      <order>playN</order>
      <value>-1</value>
     <timedelay>0</timedelay>
    </command>
  </Commands>
<Commands id = "16" >
    <command type="video">
      <ip>127.0.0.1</ip>
      <order>volumn</order>
      <value>100</value>
     <timedelay>0</timedelay>
    </command>
  </Commands>
<Commands id = "17" >
    <command type="video">
      <ip>127.0.0.1</ip>
      <order>volumn</order>
      <value>0</value>
     <timedelay>0</timedelay>
    </command>
  </Commands>
<Commands id = "18" >
    <command type="video">
      <ip>127.0.0.1</ip>
      <order>resume</order>
     <timedelay>0</timedelay>
    </command>
  </Commands>
<Commands id = "19" >
    <command type="video">
      <ip>127.0.0.1</ip>
      <order>stop</order>
     <timedelay>0</timedelay>
    </command>
  </Commands>
<Commands id = "20" >
    <command type="video">
      <ip>127.0.0.1</ip>
      <order>playmode</order>
      <value>0</value>
     <timedelay>0</timedelay>
    </command>
  </Commands>
<Commands id = "21" >
    <command type="video">
      <ip>127.0.0.1</ip>
      <order>pause</order>
     <timedelay>0</timedelay>
    </command>
  </Commands>
<Commands id = "22" >
    <command type="video">
      <ip>127.0.0.1</ip>
      <order>playmode</order>
      <value>1</value>
     <timedelay>0</timedelay>
    </command>
  </Commands>




 <Commands id = "25" >
   <command type="socket">
        <ip>127.0.0.1</ip>
        <port>6513</port>
        <data>SwitchingToLaser</data>
        <timedelay>0</timedelay>
   </command>
 </Commands>

 <Commands id = "26" >
   <command type="socket">
        <ip>127.0.0.1</ip>
        <port>6513</port>
        <data>SwitchingToSignPen</data>
        <timedelay>0</timedelay>
   </command>
 </Commands>

 <Commands id = "27" >
   <command type="socket">
        <ip>127.0.0.1</ip>
        <port>6513</port>
        <data>effective</data>
        <timedelay>0</timedelay>
   </command>
 </Commands>

 <Commands id = "28" >
   <command type="socket">
        <ip>127.0.0.1</ip>
        <port>6513</port>
        <data>ineffective</data>
        <timedelay>0</timedelay>
   </command>
 </Commands>
 <Commands id = "29" >
  <command type="PCCommand">
    <ip>127.0.0.1</ip>
    <order>openprocess</order>
    <value>d:\SenceChange.exe</value>
  </command>
 </Commands>

 <Commands id = "30" >
  <command type="PCCommand">
    <ip>127.0.0.1</ip>
    <order>closeprocess</order>
    <value>d:\SenceChange.exe</value>
 </command>
 </Commands>
</App>